{
  "mean": [
    3.4420180320739746,
    2.664835214614868
  ],
  "scale": [
    3.98819899559021,
    4.1058478355407715
  ],
  "features": [
    "pe_log",
    "rho_log"
  ]
}