{
  "name": "rfb_1k",
  "n_samples": 1000,
  "h": 0.0625,
  "beta": 1.0,
  "eps_range": [
    1.0130798612371662e-06,
    0.09877047048093542
  ],
  "beta_range": [
    1.0,
    1.0
  ],
  "sigma_range": [
    0.0,
    10.0
  ],
  "strategy": "pe_sigma_lhs",
  "split_strategy": "cell",
  "n_val_cells": 2,
  "n_test_cells": 2,
  "seed": 42,
  "rho_bins": [
    -Infinity,
    0,
    0.1,
    1,
    10,
    100,
    Infinity
  ],
  "n_total": 1000,
  "n_train": 797,
  "n_val": 52,
  "n_test": 151,
  "cell_map": {
    "(0,1)": [
      "train",
      [
        77,
        101,
        115,
        174,
        183,
        187,
        214,
        315,
        393,
        522,
        615,
        647,
        675,
        763,
        794,
        804,
        817,
        827,
        851,
        868,
        874,
        884,
        885,
        897,
        908,
        922,
        924,
        935,
        939,
        949,
        963,
        975,
        987
      ]
    ],
    "(4,4)": [
      "train",
      [
        80,
        667
      ]
    ],
    "(2,4)": [
      "train",
      [
        0,
        7,
        42,
        56,
        59,
        64,
        69,
        75,
        76,
        78,
        82,
        91,
        114,
        133,
        143,
        145,
        155,
        178,
        179,
        184,
        200,
        201,
        202,
        209,
        223,
        227,
        235,
        237,
        241,
        249,
        250,
        263,
        275,
        277,
        279,
        282,
        288,
        300,
        303,
        306,
        308,
        311,
        322,
        336,
        340,
        347,
        356,
        359,
        365,
        377,
        380,
        384,
        392,
        399,
        407,
        408,
        412,
        425,
        428,
        431,
        448,
        456,
        458,
        464,
        483,
        492,
        502,
        533,
        540,
        543,
        552,
        555,
        556,
        558,
        572,
        575,
        584,
        586,
        590,
        593,
        596,
        604,
        611,
        612,
        619,
        624,
        626,
        627,
        628,
        636,
        638,
        642,
        651,
        660,
        663,
        673,
        674,
        683,
        686,
        691,
        698,
        708,
        718,
        731,
        734,
        758,
        759,
        764,
        772,
        793
      ]
    ],
    "(2,1)": [
      "train",
      [
        106,
        801,
        809,
        810,
        814,
        821,
        826,
        832,
        833,
        834,
        837,
        840,
        843,
        846,
        856,
        861,
        867,
        869,
        871,
        881,
        887,
        892,
        893,
        894,
        896,
        906,
        910,
        912,
        918,
        923,
        925,
        926,
        933,
        937,
        940,
        941,
        944,
        946,
        948,
        965,
        968,
        976,
        983,
        986,
        999
      ]
    ],
    "(4,3)": [
      "train",
      [
        551
      ]
    ],
    "(3,1)": [
      "train",
      [
        803,
        812,
        816,
        819,
        829,
        839,
        842,
        848,
        853,
        857,
        860,
        862,
        864,
        865,
        866,
        877,
        878,
        880,
        889,
        891,
        895,
        901,
        913,
        919,
        920,
        921,
        929,
        932,
        934,
        943,
        947,
        953,
        955,
        957,
        964,
        971,
        982,
        985,
        996
      ]
    ],
    "(1,1)": [
      "train",
      [
        62,
        266,
        307,
        397,
        420,
        630,
        668,
        695,
        739,
        808,
        815,
        825,
        828,
        835,
        836,
        838,
        847,
        849,
        850,
        858,
        859,
        870,
        873,
        875,
        876,
        883,
        888,
        890,
        898,
        902,
        907,
        911,
        914,
        927,
        928,
        930,
        945,
        952,
        954,
        956,
        960,
        962,
        970,
        972,
        974,
        989,
        991,
        992,
        994,
        995,
        998
      ]
    ],
    "(0,3)": [
      "train",
      [
        490
      ]
    ],
    "(2,3)": [
      "train",
      [
        4,
        9,
        18,
        48,
        52,
        100,
        123,
        125,
        160,
        211,
        216,
        281,
        294,
        304,
        313,
        319,
        341,
        346,
        354,
        355,
        382,
        436,
        451,
        472,
        484,
        503,
        505,
        528,
        544,
        557,
        598,
        623,
        629,
        682,
        688,
        717,
        728,
        733,
        741,
        747,
        765,
        766
      ]
    ],
    "(0,2)": [
      "train",
      [
        6,
        38,
        55,
        58,
        70,
        74,
        83,
        85,
        130,
        144,
        170,
        172,
        180,
        186,
        191,
        194,
        205,
        206,
        212,
        243,
        244,
        267,
        268,
        271,
        298,
        325,
        332,
        335,
        350,
        360,
        372,
        403,
        437,
        439,
        449,
        461,
        468,
        475,
        480,
        482,
        504,
        506,
        542,
        600,
        618,
        646,
        654,
        655,
        664,
        672,
        681,
        689,
        696,
        706,
        710,
        715,
        719,
        729,
        750,
        754,
        755,
        768,
        777,
        778,
        786
      ]
    ],