{
  "mean": [
    2.2907278537750244,
    1.513548493385315
  ],
  "scale": [
    3.323500871658325,
    3.4650766849517822
  ],
  "features": [
    "pe_log",
    "rho_log"
  ]
}