{
  "mean": [
    1.1394299268722534,
    0.3622560203075409
  ],
  "scale": [
    2.6588022708892822,
    2.835355043411255
  ],
  "features": [
    "pe_log",
    "rho_log"
  ]
}