{
  "mean": [
    2.2390353679656982,
    0.6530621647834778
  ],
  "scale": [
    2.004190444946289,
    3.0360708236694336
  ],
  "features": [
    "pe_log",
    "rho_log"
  ]
}