{
  "mean": [
    2.2907302379608154,
    1.5135492086410522
  ],
  "scale": [
    1.9940996170043945,
    2.2260634899139404
  ],
  "features": [
    "pe_log",
    "rho_log"
  ]
}